Index,sched_dep_time,act_dep_time,sched_arr_time,act_arr_time
0,0,0,0,0
1,0,0,0,-1
2,0,-1,0,-1
3,0,0,0,0
4,0,0,0,0
5,0,-1,1,-1
6,0,0,0,0
7,0,0,0,0
8,0,0,0,0
9,0,0,0,0
10,0,0,0,0
11,0,0,0,0
12,0,0,0,0
13,0,0,0,0
14,0,0,0,0
15,0,0,0,0
16,0,0,0,0
17,0,0,0,0
18,0,0,0,0
19,0,0,0,0
20,0,0,0,0
21,0,0,0,0
22,0,0,0,0
23,0,0,0,0
24,0,0,0,0
25,0,0,0,0
26,0,0,0,0
27,0,0,0,0
28,0,0,0,0
29,0,0,0,0
30,0,0,0,0
31,0,-1,1,-1
32,0,-1,1,-1
33,0,-1,0,-1
34,0,0,0,0
35,0,0,0,0
36,0,-1,0,-1
37,0,0,0,-1
38,0,0,0,0
39,0,0,0,0
40,0,0,0,0
41,0,0,0,0
42,0,0,0,0
43,0,0,0,0
44,0,0,0,0
45,0,0,0,0
46,0,0,0,0
47,0,0,0,0
48,0,0,0,0
49,0,0,0,0
50,-1,0,-1,1
51,0,-1,0,-1
52,-1,0,-1,1
53,-1,1,-1,1
54,-1,1,-1,1
55,-1,1,-1,1
56,-1,1,-1,1
57,0,-1,0,-1
58,-1,1,-1,1
59,-1,1,-1,1
60,-1,1,-1,1
61,-1,1,-1,1
62,0,-1,0,-1
63,-1,1,-1,1
64,0,-1,0,-1
65,0,-1,0,-1
66,-1,1,-1,1
67,-1,1,-1,0
68,-1,0,-1,1
69,-1,0,-1,1
70,-1,1,-1,1
71,0,-1,0,-1
72,0,-1,0,-1
73,-1,1,-1,1
74,-1,1,-1,1
75,0,-1,0,-1
76,-1,1,-1,1
77,-1,1,-1,1
78,0,-1,0,-1
79,0,-1,0,-1
80,-1,1,-1,1
81,-1,1,-1,1
82,-1,1,-1,1
83,-1,1,-1,1
84,-1,1,-1,1
85,-1,1,-1,1
86,-1,1,-1,1
87,0,-1,0,-1
88,0,-1,0,-1
89,-1,1,-1,1
90,-1,1,-1,1
91,0,-1,0,-1
92,-1,1,-1,1
93,-1,1,-1,0
94,-1,1,-1,1
95,-1,1,-1,1
96,0,-1,1,-1
97,-1,1,-1,1
98,0,-1,0,-1
99,-1,1,-1,1
100,-1,1,-1,1
101,-1,1,-1,1
102,-1,0,-1,1
103,-1,1,-1,1
104,-1,1,-1,1
105,-1,0,-1,1
106,0,-1,0,-1
107,-1,1,-1,1
108,-1,1,-1,1
109,-1,1,-1,1
110,-1,1,-1,0
111,0,-1,0,-1
112,-1,1,-1,1
113,-1,1,-1,1
114,-1,1,-1,1
115,-1,1,-1,1
116,-1,1,-1,1
117,-1,1,-1,1
118,-1,1,-1,0
119,-1,1,-1,1
120,0,-1,0,-1
121,-1,1,-1,1
122,0,-1,1,-1
123,-1,1,-1,1
124,-1,1,-1,1
125,-1,1,-1,1
126,-1,1,-1,1
127,-1,1,-1,1
128,0,-1,0,-1
129,0,-1,0,-1
130,-1,0,-1,1
131,-1,1,-1,1
132,-1,0,-1,1
133,-1,1,-1,1
134,-1,0,-1,1
135,1,-1,0,-1
136,-1,1,-1,1
137,-1,1,-1,1
138,-1,1,-1,1
139,-1,0,-1,1
140,-1,0,-1,1
141,-1,0,-1,1
142,0,-1,0,-1
143,-1,0,-1,1
144,-1,1,-1,1
145,-1,1,-1,1
146,0,-1,0,-1
147,-1,1,-1,1
148,-1,1,-1,1
149,-1,1,-1,1
150,0,0,0,1
151,-1,1,-1,1
152,0,0,0,1
153,0,1,0,1
154,-1,1,-1,1
155,0,1,0,1
156,0,1,0,1
157,0,1,0,0
158,-1,1,-1,1
159,-1,1,-1,1
160,0,1,1,1
161,-1,1,-1,1
162,-1,1,-1,1
163,0,1,0,1
164,-1,1,-1,1
165,-1,1,-1,1
166,0,1,0,1
167,-1,1,-1,1
168,0,0,0,1
169,0,1,0,1
170,-1,0,-1,1
171,-1,1,-1,1
172,-1,1,-1,1
173,-1,1,-1,1
174,0,1,0,0
175,-1,1,-1,1
176,0,1,0,1
177,0,1,0,1
178,-1,1,-1,1
179,-1,1,-1,1
180,0,1,0,1
181,0,0,0,1
182,-1,1,-1,1
183,-1,1,-1,1
184,-1,1,-1,1
185,0,1,0,1
186,1,1,0,1
187,-1,1,-1,1
188,-1,1,-1,1
189,0,1,0,1
190,0,-1,1,-1
191,-1,0,-1,1
192,0,1,0,1
193,0,1,0,1
194,0,1,0,1
195,0,1,1,1
196,-1,1,-1,1
197,0,1,0,1
198,0,1,0,0
199,0,1,0,1
200,-1,1,-1,1
201,0,1,0,1
202,-1,1,-1,1
203,0,0,0,1
204,-1,1,-1,1
205,-1,1,-1,1
206,0,1,0,1
207,0,1,0,1
208,0,1,0,1
209,-1,1,-1,1
210,0,-1,1,-1
211,0,1,1,1
212,0,1,1,1
213,0,1,0,1
214,0,1,0,1
215,0,1,0,1
216,-1,1,-1,1
217,0,1,0,1
218,-1,1,-1,1
219,-1,1,-1,1
220,0,-1,1,-1
221,0,-1,1,-1
222,-1,1,-1,1
223,-1,1,-1,1
224,-1,1,-1,1
225,-1,1,-1,1
226,-1,1,-1,1
227,-1,1,-1,1
228,0,0,0,1
229,0,1,0,1
230,0,1,0,1
231,0,1,0,1
232,0,1,0,1
233,-1,1,-1,1
234,0,1,0,1
235,-1,0,-1,1
236,0,1,0,1
237,0,0,0,1
238,-1,1,-1,1
239,0,0,0,1
240,0,0,0,1
241,0,1,0,1
242,-1,1,-1,1
243,0,0,0,1
244,0,1,0,1
245,0,1,0,1
246,0,1,0,1
247,0,1,0,1
248,0,1,0,1
249,0,1,0,1
250,0,-1,0,-1
251,0,0,0,1
252,0,1,0,1
253,0,-1,0,-1
254,0,-1,0,-1
255,0,1,0,1
256,0,-1,0,-1
257,0,-1,0,-1
258,0,-1,0,-1
259,0,-1,0,-1
260,0,1,0,1
261,0,-1,0,-1
262,0,-1,0,-1
263,0,-1,0,-1
264,0,-1,0,-1
265,0,-1,0,-1
266,0,-1,0,-1
267,0,-1,0,-1
268,0,-1,0,-1
269,0,-1,0,-1
270,0,1,0,1
271,0,-1,0,-1
272,0,-1,0,-1
273,0,-1,0,-1
274,0,-1,0,-1
275,0,1,0,1
276,0,-1,0,-1
277,0,0,0,1
278,0,-1,0,-1
279,0,1,0,1
280,0,-1,0,-1
281,1,-1,0,-1
282,0,1,0,1
283,0,0,0,1
284,0,1,0,1
285,0,1,0,1
286,0,-1,0,-1
287,0,-1,0,-1
288,0,1,0,1
289,0,-1,0,-1
290,0,-1,0,-1
291,0,-1,0,-1
292,0,-1,0,-1
293,0,1,0,1
294,0,-1,0,-1
295,0,-1,0,-1
296,0,-1,0,-1
297,0,-1,0,-1
298,0,-1,0,-1
299,0,1,0,1
300,0,-1,0,-1
301,0,1,0,1
302,0,1,0,1
303,0,-1,0,-1
304,0,1,0,1
305,0,1,0,1
306,0,1,0,1
307,0,-1,0,-1
308,0,-1,0,-1
309,0,-1,0,-1
310,0,-1,0,-1
311,0,-1,0,-1
312,0,-1,0,-1
313,0,-1,0,-1
314,0,-1,0,-1
315,0,-1,0,-1
316,0,-1,0,-1
317,0,-1,0,-1
318,0,-1,0,-1
319,0,1,0,1
320,0,-1,0,-1
321,0,-1,0,-1
322,0,-1,0,-1
323,0,-1,0,-1
324,0,1,0,1
325,0,1,0,1
326,0,-1,0,-1
327,0,-1,0,-1
328,0,-1,0,-1
329,0,-1,0,-1
330,0,-1,0,-1
331,0,-1,0,-1
332,0,1,0,0
333,0,-1,0,-1
334,0,-1,0,-1
335,0,1,0,1
336,0,-1,0,-1
337,-1,0,-1,1
338,0,-1,0,-1
339,-1,0,-1,1
340,-1,1,-1,1
341,-1,1,-1,1
342,-1,1,-1,1
343,-1,1,-1,1
344,0,-1,0,-1
345,-1,1,-1,1
346,-1,1,-1,1
347,-1,1,-1,1
348,-1,1,-1,1
349,0,-1,0,-1
350,-1,1,-1,1
351,0,-1,0,-1
352,0,-1,0,-1
353,-1,1,-1,1
354,-1,1,-1,0
355,-1,0,-1,1
356,-1,0,-1,1
357,-1,1,-1,1
358,0,-1,0,-1
359,0,-1,0,-1
360,-1,1,-1,1
361,-1,1,-1,1
362,0,-1,0,-1
363,-1,1,-1,1
364,-1,1,-1,1
365,0,-1,0,-1
366,0,-1,0,-1
367,-1,1,-1,1
368,-1,1,-1,1
369,-1,1,-1,1
370,-1,1,-1,1
371,-1,1,-1,1
372,-1,1,-1,1
373,-1,1,-1,1
374,0,-1,0,-1
375,0,-1,0,-1
376,-1,1,-1,1
377,-1,1,-1,1
378,0,-1,0,-1
379,-1,1,-1,1
380,-1,1,-1,0
381,-1,1,-1,1
382,-1,1,-1,1
383,0,-1,1,-1
384,-1,1,-1,1
385,0,-1,0,-1
386,-1,1,-1,1
387,-1,1,-1,1
388,-1,1,-1,1
389,-1,0,-1,1
390,-1,1,-1,1
391,-1,1,-1,1
392,-1,0,-1,1
393,0,-1,0,-1
394,-1,1,-1,1
395,-1,1,-1,1
396,-1,1,-1,1
397,-1,1,-1,0
398,0,-1,0,-1
399,-1,1,-1,1
400,-1,1,-1,1
401,-1,1,-1,1
402,-1,1,-1,1
403,-1,1,-1,1
404,-1,1,-1,1
405,-1,1,-1,0
406,-1,1,-1,1
407,0,-1,0,-1
408,-1,1,-1,1
409,0,-1,1,-1
410,-1,1,-1,1
411,-1,1,-1,1
412,-1,1,-1,1
413,-1,1,-1,1
414,-1,1,-1,1
415,0,-1,0,-1
416,0,-1,0,-1
417,-1,0,-1,1
418,-1,1,-1,1
419,-1,0,-1,1
420,-1,1,-1,1
421,-1,0,-1,1
422,1,-1,0,-1
423,-1,1,-1,1
424,-1,1,-1,1
425,-1,1,-1,1
426,-1,0,-1,1
427,-1,0,-1,1
428,-1,0,-1,1
429,0,-1,0,-1
430,-1,0,-1,1
431,-1,1,-1,1
432,-1,1,-1,1
433,0,-1,0,-1
434,-1,1,-1,1
435,-1,1,-1,1
436,-1,1,-1,1
437,0,0,0,1
438,-1,1,-1,0
439,0,0,0,0
440,0,1,0,0
441,-1,1,-1,0
442,0,1,0,-1
443,0,1,0,0
444,0,1,0,0
445,-1,1,-1,0
446,-1,1,-1,0
447,0,-1,1,-1
448,-1,1,-1,0
449,-1,1,-1,0
450,0,1,0,1
451,-1,1,-1,1
452,-1,1,-1,0
453,0,1,0,1
454,-1,1,-1,0
455,0,0,0,0
456,0,1,0,0
457,-1,0,-1,0
458,-1,1,-1,0
459,-1,1,-1,0
460,-1,1,-1,1
461,0,1,0,0
462,-1,1,-1,0
463,0,1,0,0
464,0,1,0,1
465,-1,1,-1,0
466,-1,1,-1,0
467,0,1,0,1
468,0,0,0,1
469,-1,1,-1,0
470,-1,1,-1,0
471,-1,1,-1,1
472,0,1,0,0
473,1,1,0,1
474,-1,1,-1,0
475,-1,1,-1,1
476,0,1,0,0
477,-1,1,-1,0
478,-1,0,-1,1
479,0,1,0,1
480,0,-1,0,-1
481,0,1,0,1
482,0,-1,1,-1
483,-1,1,-1,0
484,0,1,0,0
485,0,1,0,0
486,0,1,0,1
487,-1,1,-1,1
488,0,1,0,1
489,-1,1,-1,0
490,0,0,0,1
491,-1,1,-1,0
492,-1,1,-1,1
493,0,1,0,0
494,0,1,0,0
495,0,1,0,1
496,-1,1,-1,0
497,0,-1,1,-1
498,0,-1,1,-1
499,0,-1,1,-1
500,0,-1,0,-1
501,0,1,0,0
502,0,1,0,0
503,-1,1,-1,0
504,0,-1,0,-1
505,-1,1,-1,0
506,-1,1,-1,0
507,0,-1,1,-1
508,0,-1,0,-1
509,-1,1,-1,0
510,-1,1,-1,1
511,-1,1,-1,1
512,-1,1,-1,1
513,-1,1,-1,0
514,-1,1,-1,1
515,0,0,0,1
516,0,1,0,1
517,0,1,0,1
518,0,1,0,0
519,0,1,0,1
520,-1,1,-1,0
521,0,1,0,1
522,-1,0,-1,1
523,0,1,0,0
524,0,0,0,1
525,-1,1,-1,0
526,0,0,0,1
527,0,0,0,0
528,0,1,0,0
529,-1,1,-1,0
530,0,0,0,1
531,0,1,0,1
532,0,1,0,1
533,0,1,0,0
534,0,1,0,0
535,0,1,0,0
536,0,1,0,0
537,0,0,0,0
538,0,0,0,0
539,0,0,0,0
540,0,0,0,0
541,0,0,0,0
542,0,0,0,1
543,0,0,0,0
544,0,1,0,1
545,0,1,0,0
546,0,0,0,0
547,0,1,0,1
548,0,0,0,0
549,0,0,0,0
550,0,1,0,0
551,0,0,0,0
552,0,0,0,0
553,0,0,0,0
554,0,0,0,0
555,0,0,0,0
556,0,0,0,0
557,0,0,0,0
558,0,0,0,0
559,0,0,0,0
560,0,0,0,0
561,0,0,0,0
562,0,0,0,0
563,0,0,0,0
564,0,0,0,0
565,0,0,0,0
566,0,0,0,0
567,0,0,0,0
568,0,0,0,1
569,0,0,0,0
570,0,0,0,0
571,0,0,0,0
572,1,1,0,0
573,0,0,0,1
574,0,0,0,0
575,0,0,0,0
576,0,0,0,0
577,0,0,0,0
578,0,0,0,0
579,0,0,0,0
580,0,0,0,0
581,0,0,0,0
582,0,1,0,1
583,0,0,0,0
584,0,0,0,0
585,0,0,0,0
586,0,0,0,0
587,0,0,0,0
588,0,0,0,0
589,0,0,0,0
590,0,0,0,0
591,0,0,0,0
592,0,0,0,0
593,0,1,0,0
594,0,0,0,0
595,0,0,0,0
596,0,0,0,0
597,0,1,0,1
598,0,1,0,1
599,0,1,0,1
600,0,1,0,1
601,0,1,0,0
602,0,0,0,0
603,0,0,0,0
604,0,0,0,0
605,0,0,0,0
606,0,0,0,0
607,0,-1,0,-1
608,0,1,0,1
609,0,0,0,0
610,0,0,0,1
611,0,1,0,0
612,0,0,0,0
613,0,0,0,0
614,0,0,0,0
615,0,0,0,0
616,0,0,0,0
617,0,0,0,0
618,0,0,0,0
619,0,0,0,0
620,0,0,0,0
621,0,0,0,0
622,0,0,0,0
623,0,0,0,0
624,0,1,0,0
625,0,0,0,0
626,0,0,0,0
627,0,0,0,0
628,0,0,0,0
629,0,0,0,1
630,-1,1,-1,0
631,0,0,0,0
632,0,1,0,0
633,-1,1,-1,0
634,0,1,0,-1
635,0,1,0,0
636,0,1,0,0
637,-1,1,-1,0
638,-1,1,-1,0
639,0,-1,1,-1
640,-1,1,-1,0
641,-1,1,-1,0
642,0,1,0,1
643,-1,1,-1,1
644,-1,1,-1,0
645,0,1,0,1
646,-1,1,-1,0
647,0,0,0,0
648,0,1,0,0
649,-1,0,-1,0
650,-1,1,-1,0
651,-1,1,-1,0
652,-1,1,-1,1
653,0,1,0,0
654,-1,1,-1,0
655,0,1,0,0
656,0,1,0,1
657,-1,1,-1,0
658,-1,1,-1,0
659,0,1,0,1
660,0,0,0,1
661,-1,1,-1,0
662,-1,1,-1,0
663,-1,1,-1,1
664,0,1,0,0
665,1,1,0,1
666,-1,1,-1,0
667,-1,1,-1,1
668,0,1,0,0
669,-1,1,-1,0
670,-1,0,-1,1
671,0,1,0,1
672,0,-1,0,-1
673,0,1,0,1
674,0,-1,1,-1
675,-1,1,-1,0
676,0,1,0,0
677,0,1,0,0
678,0,1,0,1
679,-1,1,-1,1
680,0,1,0,1
681,-1,1,-1,0
682,0,0,0,1
683,-1,1,-1,0
684,-1,1,-1,1
685,0,1,0,0
686,0,1,0,0
687,0,1,0,1
688,-1,1,-1,0
689,0,-1,1,-1
690,0,-1,1,-1
691,0,-1,1,-1
692,0,-1,0,-1
693,0,1,0,0
694,0,1,0,0
695,-1,1,-1,0
696,0,-1,0,-1
697,-1,1,-1,0
698,-1,1,-1,0
699,0,-1,1,-1
700,0,-1,0,-1
701,-1,1,-1,0
702,-1,1,-1,1
703,-1,1,-1,1
704,-1,1,-1,1
705,-1,1,-1,0
706,-1,1,-1,1
707,0,0,0,1
708,0,1,0,1
709,0,1,0,1
710,0,1,0,0
711,0,1,0,1
712,-1,1,-1,0
713,0,1,0,1
714,-1,0,-1,1
715,0,1,0,0
716,0,0,0,1
717,-1,1,-1,0
718,0,0,0,1
719,0,0,0,0
720,0,1,0,0
721,-1,1,-1,0
722,0,0,0,1
723,0,1,0,1
724,0,1,0,1
725,0,1,0,0
726,0,1,0,0
727,0,1,0,0
728,0,1,0,0
729,-1,0,-1,1
730,-1,1,-1,1
731,-1,1,-1,1
732,-1,1,-1,1
733,-1,1,-1,1
734,0,-1,0,-1
735,-1,1,-1,1
736,-1,1,-1,1
737,0,-1,1,-1
738,-1,1,-1,1
739,-1,1,-1,1
740,-1,1,-1,0
741,-1,0,-1,1
742,-1,1,-1,1
743,-1,1,-1,1
744,-1,1,-1,1
745,-1,1,-1,1
746,-1,1,-1,1
747,-1,1,-1,1
748,-1,1,-1,1
749,-1,0,-1,1
750,-1,0,-1,1
751,-1,1,-1,1
752,-1,1,-1,1
753,-1,1,-1,1
754,-1,0,-1,1
755,-1,1,-1,1
756,1,-1,1,-1
757,-1,0,-1,1
758,-1,1,-1,1
759,-1,1,-1,1
760,-1,1,-1,1
761,-1,1,-1,1
762,-1,1,-1,1
763,-1,1,-1,1
764,-1,1,-1,1
765,-1,1,-1,1
766,-1,1,-1,1
767,-1,0,-1,1
768,-1,0,-1,1
769,-1,1,-1,1
770,-1,1,-1,1
771,0,-1,1,-1
772,0,-1,1,-1
773,0,-1,0,-1
774,-1,1,-1,1
775,-1,1,-1,1
776,-1,1,-1,0
777,0,-1,0,-1
778,-1,1,-1,1
779,0,-1,0,-1
780,-1,1,-1,1
781,-1,0,-1,1
782,-1,1,-1,1
783,0,-1,1,-1
784,-1,1,-1,1
785,-1,1,-1,1
786,-1,1,-1,1
787,-1,1,-1,1
788,-1,1,-1,1
789,-1,1,-1,1
790,-1,1,-1,1
791,-1,1,-1,1
792,-1,-1,1,1
793,-1,-1,1,1
794,-1,-1,1,1
795,-1,-1,1,1
796,-1,-1,1,1
797,1,1,-1,-1
798,0,-1,-1,-1
799,0,-1,-1,-1
800,0,-1,-1,-1
801,0,-1,-1,-1
802,0,-1,-1,-1
803,-1,-1,1,1
804,-1,-1,1,1
805,-1,-1,1,1
806,-1,-1,1,1
807,-1,-1,1,1
808,1,-1,-1,-1
809,-1,-1,1,1
810,-1,-1,1,-1
811,0,0,0,0
812,-1,0,-1,0
813,0,0,0,0
814,0,0,0,0
815,-1,0,-1,0
816,0,-1,0,-1
817,0,0,0,0
818,0,1,0,0
819,-1,0,-1,0
820,-1,0,-1,0
821,0,-1,1,-1
822,-1,0,-1,0
823,-1,0,-1,0
824,0,1,0,0
825,-1,0,-1,0
826,-1,0,-1,0
827,0,0,0,0
828,-1,0,-1,0
829,0,0,0,0
830,0,0,0,0
831,-1,0,-1,0
832,-1,0,-1,0
833,-1,0,-1,0
834,-1,1,-1,0
835,0,0,0,0
836,-1,0,-1,0
837,0,0,0,0
838,0,0,0,0
839,-1,0,-1,0
840,-1,0,-1,0
841,0,0,0,0
842,0,0,0,1
843,-1,0,-1,0
844,-1,0,-1,0
845,-1,0,-1,0
846,0,0,0,0
847,1,1,0,0
848,-1,0,-1,0
849,-1,0,-1,1
850,0,0,0,0
851,-1,0,-1,0
852,-1,0,-1,0
853,0,0,0,0
854,0,-1,0,-1
855,0,0,0,0
856,0,-1,1,-1
857,-1,0,-1,0
858,0,0,0,0
859,0,0,0,0
860,0,0,0,0
861,-1,0,-1,0
862,0,0,0,0
863,-1,0,-1,0
864,0,0,0,0
865,-1,0,-1,0
866,-1,1,-1,0
867,-1,0,-1,0
868,0,0,0,0
869,0,0,0,0
870,-1,0,-1,0
871,0,-1,1,-1
872,0,-1,1,-1
873,0,-1,1,-1
874,0,-1,0,-1
875,0,0,0,0
876,0,0,0,0
877,-1,0,-1,0
878,0,-1,0,-1
879,-1,0,-1,0
880,-1,0,-1,0
881,0,-1,0,-1
882,0,-1,0,-1
883,-1,0,-1,0
884,-1,0,-1,0
885,-1,0,-1,0
886,-1,1,-1,0
887,-1,0,-1,0
888,-1,0,-1,1
889,0,0,0,0
890,0,0,0,0
891,0,0,0,0
892,0,0,0,0
893,0,0,0,0
894,-1,0,-1,0
895,0,0,0,0
896,-1,0,-1,0
897,0,0,0,0
898,0,0,0,0
899,-1,0,-1,0
900,0,0,0,0
901,0,0,0,0
902,0,0,0,0
903,-1,0,-1,0
904,0,1,0,0
905,0,0,0,0
906,0,0,0,0
907,0,0,0,0
908,0,0,0,0
909,0,0,0,0
910,0,0,0,0
911,0,0,0,1
912,0,1,0,1
913,0,-1,0,-1
914,-1,1,-1,1
915,0,-1,0,-1
916,0,-1,0,-1
917,-1,1,-1,1
918,0,-1,0,-1
919,0,-1,0,-1
920,0,-1,0,-1
921,0,1,0,1
922,0,1,0,1
923,0,0,0,1
924,0,0,0,0
925,-1,1,-1,1
926,-1,1,-1,1
927,0,1,0,1
928,0,0,0,1
929,0,1,0,1
930,0,0,0,0
931,0,1,0,1
932,0,1,0,1
933,0,-1,0,-1
934,0,1,0,1
935,-1,1,-1,1
936,0,-1,0,-1
937,0,-1,0,-1
938,-1,1,-1,1
939,0,1,0,1
940,0,1,0,1
941,0,0,0,0
942,0,1,0,1
943,0,1,0,1
944,0,1,0,1
945,0,1,0,1
946,0,-1,0,-1
947,0,-1,1,-1
948,0,-1,1,-1
949,0,-1,0,-1
950,-1,1,-1,1
951,0,0,0,1
952,-1,1,-1,1
953,-1,1,-1,1
954,0,1,0,1
955,0,-1,0,-1
956,0,-1,0,-1
957,0,1,0,1
958,0,-1,0,-1
959,0,-1,0,-1
960,-1,1,-1,1
961,0,1,0,1
962,0,-1,0,-1
963,0,-1,0,-1
964,-1,1,-1,1
965,0,1,0,1
966,0,0,0,0
967,0,1,0,1
968,0,1,0,1
969,0,0,1,1
970,0,0,1,1
971,0,1,1,1
972,0,1,1,0
973,0,0,1,1
974,0,1,1,1
975,0,1,1,1
976,0,1,1,1
977,0,0,1,1
978,0,1,1,1
979,0,1,1,1
980,0,1,1,1
981,0,0,1,1
982,1,1,1,1
983,0,0,1,1
984,0,0,1,1
985,0,0,1,1
986,0,0,1,1
987,0,1,1,1
988,0,0,1,1
989,0,1,0,0
990,0,1,0,0
991,1,1,1,0
992,1,1,1,0
993,0,1,0,1
994,0,1,0,1
995,1,1,0,0
996,0,1,0,1
997,0,1,0,0
998,0,1,1,1
999,1,1,1,0
1000,0,1,0,0
1001,0,1,0,1
1002,0,1,0,0
1003,1,1,1,0
1004,0,1,0,0
1005,0,0,0,0
1006,0,1,0,0
1007,0,1,0,0
1008,0,1,0,1
1009,0,0,0,0
1010,0,0,0,0
1011,0,1,0,0
1012,0,1,0,0
1013,0,1,0,0
1014,0,1,0,0
1015,0,1,0,0
1016,0,1,0,0
1017,0,1,0,0
1018,1,1,0,1
1019,0,1,0,0
1020,0,1,0,0
1021,0,1,0,0
1022,0,1,0,0
1023,0,0,0,0
1024,0,1,0,0
1025,0,1,1,1
1026,1,1,1,0
1027,0,0,0,0
1028,0,1,0,0
1029,0,1,0,0
1030,0,1,0,1
1031,0,1,0,0
1032,0,1,0,1
1033,0,1,0,0
1034,1,1,1,0
1035,0,1,1,1
1036,0,1,0,1
1037,0,1,1,1
1038,0,1,0,1
1039,0,1,0,0
1040,0,1,0,0
1041,1,1,1,0
1042,1,1,1,0
1043,0,1,0,1
1044,0,0,0,0
1045,1,1,1,0
1046,1,1,1,0
1047,0,1,0,1
1048,0,1,0,1
1049,0,1,0,1
1050,0,1,0,1
1051,0,1,0,0
1052,0,1,0,0
1053,0,1,0,0
1054,0,1,0,1
1055,0,1,0,0
1056,0,1,0,1
1057,0,1,0,0
1058,1,1,1,0
1059,0,1,0,0
1060,0,1,0,0
1061,0,1,0,0
1062,0,0,0,0
1063,0,1,0,1
1064,0,1,0,0
1065,0,1,0,0
1066,0,1,0,0
1067,0,0,0,0
1068,0,1,0,0
1069,0,1,0,0
1070,0,0,0,1
1071,-1,1,-1,0
1072,0,0,0,0
1073,0,1,0,0
1074,-1,1,-1,0
1075,0,1,0,-1
1076,0,1,0,0
1077,0,1,0,0
1078,-1,1,-1,0
1079,-1,1,-1,0
1080,0,-1,1,-1
1081,-1,1,-1,0
1082,-1,1,-1,0
1083,0,1,0,1
1084,-1,1,-1,1
1085,-1,1,-1,0
1086,0,1,0,1
1087,-1,1,-1,0
1088,0,0,0,0
1089,0,1,0,0
1090,-1,0,-1,0
1091,-1,1,-1,0
1092,-1,1,-1,0
1093,-1,1,-1,1
1094,0,1,0,0
1095,-1,1,-1,0
1096,0,1,0,0
1097,0,1,0,1
1098,-1,1,-1,0
1099,-1,1,-1,0
1100,0,1,0,1
1101,0,0,0,1
1102,-1,1,-1,0
1103,-1,1,-1,0
1104,-1,1,-1,1
1105,0,1,0,0
1106,1,1,0,1
1107,-1,1,-1,0
1108,-1,1,-1,1
1109,0,1,0,0
1110,-1,1,-1,0
1111,-1,0,-1,1
1112,0,1,0,1
1113,0,-1,0,-1
1114,0,1,0,1
1115,0,-1,1,-1
1116,-1,1,-1,0
1117,0,1,0,0
1118,0,1,0,0
1119,0,1,0,1
1120,-1,1,-1,1
1121,0,1,0,1
1122,-1,1,-1,0
1123,0,0,0,1
1124,-1,1,-1,0
1125,-1,1,-1,1
1126,0,1,0,0
1127,0,1,0,0
1128,0,1,0,1
1129,-1,1,-1,0
1130,0,-1,1,-1
1131,0,-1,1,-1
1132,0,-1,1,-1
1133,0,-1,0,-1
1134,0,1,0,0
1135,0,1,0,0
1136,-1,1,-1,0
1137,0,-1,0,-1
1138,-1,1,-1,0
1139,-1,1,-1,0
1140,0,-1,1,-1
1141,0,-1,0,-1
1142,-1,1,-1,0
1143,-1,1,-1,1
1144,-1,1,-1,1
1145,-1,1,-1,1
1146,-1,1,-1,0
1147,-1,1,-1,1
1148,0,0,0,1
1149,0,1,0,1
1150,0,1,0,1
1151,0,1,0,0
1152,0,1,0,1
1153,-1,1,-1,0
1154,0,1,0,1
1155,-1,0,-1,1
1156,0,1,0,0
1157,0,0,0,1
1158,-1,1,-1,0
1159,0,0,0,1
1160,0,0,0,0
1161,0,1,0,0
1162,-1,1,-1,0
1163,0,0,0,1
1164,0,1,0,1
1165,0,1,0,1
1166,0,1,0,0
1167,0,1,0,0
1168,0,1,0,0
1169,0,1,0,0
1170,0,-1,0,-1
1171,0,0,0,1
1172,-1,1,-1,1
1173,0,-1,0,-1
1174,0,-1,0,-1
1175,-1,1,-1,1
1176,-1,1,-1,1
1177,0,0,0,0
1178,0,-1,0,-1
1179,-1,1,-1,1
1180,0,1,0,1
1181,0,-1,0,-1
1182,0,-1,0,-1
1183,0,1,0,1
1184,0,0,0,0
1185,0,1,0,1
1186,-1,1,-1,1
1187,1,1,0,1
1188,0,1,0,1
1189,0,-1,1,-1
1190,0,0,0,0
1191,0,-1,0,-1
1192,0,1,1,1
1193,-1,1,-1,1
1194,0,0,0,0
1195,0,0,0,1
1196,0,-1,0,-1
1197,0,0,0,0
1198,0,-1,0,-1
1199,0,1,0,1
1200,0,1,0,1
1201,0,0,0,0
1202,-1,1,-1,1
1203,-1,1,-1,1
1204,0,-1,0,-1
1205,0,-1,1,-1
1206,-1,1,-1,1
1207,-1,1,-1,1
1208,-1,1,-1,1
1209,0,0,0,0
1210,0,1,0,1
1211,0,1,1,1
1212,0,-1,0,-1
1213,0,-1,0,-1
1214,0,-1,0,-1
1215,0,0,0,0
1216,0,0,0,0
1217,0,1,0,1
1218,0,1,0,1
1219,0,-1,0,-1
1220,0,-1,0,-1
1221,0,-1,0,-1
1222,0,1,0,1
1223,-1,0,-1,1
1224,0,-1,0,-1
1225,-1,0,-1,1
1226,-1,1,-1,1
1227,-1,1,-1,1
1228,-1,1,-1,1
1229,-1,1,-1,1
1230,0,-1,0,-1
1231,-1,1,-1,1
1232,-1,1,-1,1
1233,-1,1,-1,1
1234,-1,1,-1,1
1235,0,-1,0,-1
1236,-1,1,-1,1
1237,0,-1,0,-1
1238,0,-1,0,-1
1239,-1,1,-1,1
1240,-1,1,-1,0
1241,-1,0,-1,1
1242,-1,0,-1,1
1243,-1,1,-1,1
1244,0,-1,0,-1
1245,0,-1,0,-1
1246,-1,1,-1,1
1247,-1,1,-1,1
1248,0,-1,0,-1
1249,-1,1,-1,1
1250,-1,1,-1,1
1251,0,-1,0,-1
1252,0,-1,0,-1
1253,-1,1,-1,1
1254,-1,1,-1,1
1255,-1,1,-1,1
1256,-1,1,-1,1
1257,-1,1,-1,1
1258,-1,1,-1,1
1259,-1,1,-1,1
1260,0,-1,0,-1
1261,0,-1,0,-1
1262,-1,1,-1,1
1263,-1,1,-1,1
1264,0,-1,0,-1
1265,-1,1,-1,1
1266,-1,1,-1,0
1267,-1,1,-1,1
1268,-1,1,-1,1
1269,0,-1,1,-1
1270,-1,1,-1,1
1271,0,-1,0,-1
1272,-1,1,-1,1
1273,-1,1,-1,1
1274,-1,1,-1,1
1275,-1,0,-1,1
1276,-1,1,-1,1
1277,-1,1,-1,1
1278,-1,0,-1,1
1279,0,-1,0,-1
1280,-1,1,-1,1
1281,-1,1,-1,1
1282,-1,1,-1,1
1283,-1,1,-1,0
1284,0,-1,0,-1
1285,-1,1,-1,1
1286,-1,1,-1,1
1287,-1,1,-1,1
1288,-1,1,-1,1
1289,-1,1,-1,1
1290,-1,1,-1,1
1291,-1,1,-1,0
1292,-1,1,-1,1
1293,0,-1,0,-1
1294,-1,1,-1,1
1295,0,-1,1,-1
1296,-1,1,-1,1
1297,-1,1,-1,1
1298,-1,1,-1,1
1299,-1,1,-1,1
1300,-1,1,-1,1
1301,0,-1,0,-1
1302,0,-1,0,-1
1303,-1,0,-1,1
1304,-1,1,-1,1
1305,-1,0,-1,1
1306,-1,1,-1,1
1307,-1,0,-1,1
1308,1,-1,0,-1
1309,-1,1,-1,1
1310,-1,1,-1,1
1311,-1,1,-1,1
1312,-1,0,-1,1
1313,-1,0,-1,1
1314,-1,0,-1,1
1315,0,-1,0,-1
1316,-1,0,-1,1
1317,-1,1,-1,1
1318,-1,1,-1,1
1319,0,-1,0,-1
1320,-1,1,-1,1
1321,-1,1,-1,1
1322,-1,1,-1,1
1323,1,1,1,1
1324,0,0,0,1
1325,1,1,1,1
1326,1,1,1,1
1327,1,-1,1,-1
1328,0,1,0,-1
1329,0,1,0,0
1330,0,1,0,0
1331,1,1,0,0
1332,1,-1,1,-1
1333,0,-1,1,-1
1334,1,1,1,1
1335,1,1,1,1
1336,0,1,0,0
1337,1,-1,1,-1
1338,1,1,0,0
1339,1,1,0,0
1340,1,1,1,1
1341,1,1,1,1
1342,0,1,0,0
1343,1,1,0,0
1344,0,0,0,0
1345,1,1,1,1
1346,0,1,0,0
1347,1,1,0,0
1348,1,1,0,0
1349,1,1,1,1
1350,1,1,0,0
1351,1,1,1,1
1352,1,1,1,1
1353,1,1,0,1
1354,0,1,0,0
1355,1,1,0,0
1356,0,0,1,-1
1357,1,1,0,0
1358,1,1,0,0
1359,1,1,0,0
1360,0,0,0,0
1361,0,0,1,-1
1362,1,1,0,0
1363,0,0,0,0
1364,0,1,0,0
1365,1,1,1,1
1366,0,-1,0,-1
1367,0,1,0,0
1368,0,-1,1,-1
1369,1,1,0,0
1370,1,1,0,0
1371,1,1,1,1
1372,1,1,1,1
1373,0,1,0,0
1374,0,0,0,0
1375,0,0,0,0
1376,0,1,0,0
1377,1,1,0,0
1378,1,1,1,1
1379,1,1,0,0
1380,0,0,0,0
1381,0,1,0,0
1382,0,0,0,0
1383,0,-1,1,-1
1384,0,-1,1,-1
1385,0,-1,1,-1
1386,0,-1,0,-1
1387,1,1,1,1
1388,1,1,1,1
1389,0,-1,0,-1
1390,0,0,0,0
1391,1,1,1,1
1392,0,-1,1,-1
1393,0,-1,0,-1
1394,0,0,1,1
1395,1,1,0,0
1396,0,1,1,-1
1397,0,1,0,0
1398,0,0,0,0
1399,1,1,1,-1
1400,0,1,0,0
1401,0,1,0,0
1402,1,1,1,1
1403,0,1,0,0
1404,1,1,1,1
1405,1,1,1,0
1406,0,1,0,0
1407,1,1,1,1
1408,0,1,0,0
1409,1,1,1,1
1410,1,1,0,0
1411,0,1,0,0
1412,1,1,0,0
1413,1,1,1,1
1414,0,0,0,0
1415,1,1,0,0
1416,1,1,0,0
1417,1,1,1,1
1418,0,0,0,0
1419,1,1,1,1
1420,1,1,1,1
1421,1,1,0,0
1422,-1,-1,0,-1
1423,-1,-1,0,-1
1424,0,-1,-1,-1
1425,-1,-1,0,-1
1426,0,0,0,0
1427,0,0,0,0
1428,0,0,0,0
1429,0,0,0,0
1430,0,0,0,0
1431,0,0,0,0
1432,0,0,0,0
1433,0,0,0,0
1434,0,0,0,0
1435,0,0,0,0
1436,0,0,0,0
1437,0,0,0,0
1438,0,0,0,0
1439,0,0,0,0
1440,0,0,0,0
1441,0,0,0,0
1442,0,0,0,0
1443,0,0,0,0
1444,0,0,0,0
1445,0,0,0,0
1446,0,0,0,0
1447,0,0,0,0
1448,0,0,0,0
1449,0,0,0,0
1450,0,0,0,0
1451,0,0,0,0
1452,0,0,0,0
1453,0,0,0,0
1454,0,0,0,0
1455,0,0,0,0
1456,0,0,0,0
1457,0,0,0,0
1458,0,0,0,0
1459,0,1,0,1
1460,0,0,0,0
1461,0,1,0,1
1462,0,0,0,0
1463,0,0,0,0
1464,0,0,0,1
1465,0,0,0,0
1466,0,1,0,0
1467,0,1,0,0
1468,0,0,0,0
1469,0,0,0,0
1470,0,0,0,0
1471,0,0,0,0
1472,0,0,0,0
1473,0,0,0,1
1474,0,0,0,0
1475,0,0,0,0
1476,0,0,0,0
1477,0,0,0,0
1478,0,0,0,0
1479,0,1,0,1
1480,0,0,0,0
1481,-1,-1,0,-1
1482,-1,-1,0,-1
1483,-1,-1,0,-1
1484,-1,-1,0,-1
1485,-1,-1,0,-1
1486,-1,-1,0,-1
1487,-1,0,-1,1
1488,0,-1,0,-1
1489,-1,0,-1,1
1490,-1,1,-1,1
1491,-1,1,-1,1
1492,-1,1,-1,1
1493,-1,1,-1,1
1494,0,-1,0,-1
1495,-1,1,-1,1
1496,-1,1,-1,1
1497,-1,1,-1,1
1498,-1,1,-1,1
1499,0,-1,0,-1
1500,-1,1,-1,1
1501,0,-1,0,-1
1502,0,-1,0,-1
1503,-1,1,-1,1
1504,-1,1,-1,0
1505,-1,0,-1,1
1506,-1,0,-1,1
1507,-1,1,-1,1
1508,0,-1,0,-1
1509,0,-1,0,-1
1510,-1,1,-1,1
1511,-1,1,-1,1
1512,0,-1,0,-1
1513,-1,1,-1,1
1514,-1,1,-1,1
1515,0,-1,0,-1
1516,0,-1,0,-1
1517,-1,1,-1,1
1518,-1,1,-1,1
1519,-1,1,-1,1
1520,-1,1,-1,1
1521,-1,1,-1,1
1522,-1,1,-1,1
1523,-1,1,-1,1
1524,0,-1,0,-1
1525,0,-1,0,-1
1526,-1,1,-1,1
1527,-1,1,-1,1
1528,0,-1,0,-1
1529,-1,1,-1,1
1530,-1,1,-1,0
1531,-1,1,-1,1
1532,-1,1,-1,1
1533,0,-1,1,-1
1534,-1,1,-1,1
1535,0,-1,0,-1
1536,-1,1,-1,1
1537,-1,1,-1,1
1538,-1,1,-1,1
1539,-1,0,-1,1
1540,-1,1,-1,1
1541,-1,1,-1,1
1542,-1,0,-1,1
1543,0,-1,0,-1
1544,-1,1,-1,1
1545,-1,1,-1,1
1546,-1,1,-1,1
1547,-1,1,-1,0
1548,0,-1,0,-1
1549,-1,1,-1,1
1550,-1,1,-1,1
1551,-1,1,-1,1
1552,-1,1,-1,1
1553,-1,1,-1,1
1554,-1,1,-1,1
1555,-1,1,-1,0
1556,-1,1,-1,1
1557,0,-1,0,-1
1558,-1,1,-1,1
1559,0,-1,1,-1
1560,-1,1,-1,1
1561,-1,1,-1,1
1562,-1,1,-1,1
1563,-1,1,-1,1
1564,-1,1,-1,1
1565,0,-1,0,-1
1566,0,-1,0,-1
1567,-1,0,-1,1
1568,-1,1,-1,1
1569,-1,0,-1,1
1570,-1,1,-1,1
1571,-1,0,-1,1
1572,1,-1,0,-1
1573,-1,1,-1,1
1574,-1,1,-1,1
1575,-1,1,-1,1
1576,-1,0,-1,1
1577,-1,0,-1,1
1578,-1,0,-1,1
1579,0,-1,0,-1
1580,-1,0,-1,1
1581,-1,1,-1,1
1582,-1,1,-1,1
1583,0,-1,0,-1
1584,-1,1,-1,1
1585,-1,1,-1,1
1586,-1,1,-1,1
1587,0,1,0,-1
1588,0,0,0,1
1589,1,-1,1,-1
1590,0,-1,0,-1
1591,0,1,0,1
1592,1,-1,1,-1
1593,0,-1,1,-1
1594,1,1,1,1
1595,0,1,0,0
1596,1,1,0,0
1597,1,1,1,1
1598,0,0,0,0
1599,1,1,0,0
1600,1,1,1,1
1601,1,1,0,0
1602,0,1,0,0
1603,1,1,1,1
1604,0,0,1,-1
1605,0,1,0,0
1606,1,1,0,0
1607,1,1,0,0
1608,0,0,1,-1
1609,0,1,0,0
1610,1,1,1,1
1611,1,1,1,1
1612,0,1,0,0
1613,1,1,1,1
1614,0,1,0,0
1615,1,1,1,1
1616,0,1,0,0
1617,0,-1,1,-1
1618,0,1,1,1
1619,0,-1,0,-1
1620,1,1,1,1
1621,1,1,1,1
1622,1,1,1,0
1623,0,1,0,1
1624,0,0,0,0
1625,0,-1,1,-1
1626,0,1,1,-1
1627,0,1,0,0
1628,1,1,1,0
1629,0,1,0,0
1630,1,1,1,0
1631,1,1,1,1
1632,1,1,1,1
1633,1,1,0,0
1634,0,1,0,0
1635,0,0,0,0
1636,1,1,1,1
1637,0,-1,0,-1
1638,0,-1,0,-1
1639,0,-1,0,-1
1640,0,-1,0,-1
1641,0,-1,0,-1
1642,1,-1,1,-1
1643,1,-1,1,-1
1644,0,-1,0,-1
1645,1,-1,1,-1
1646,0,-1,0,-1
1647,0,-1,0,-1
1648,0,-1,0,-1
1649,1,-1,1,-1
1650,1,-1,0,-1
1651,1,-1,1,-1
1652,0,-1,0,-1
1653,1,-1,1,-1
1654,0,-1,0,-1
1655,1,-1,0,-1
1656,0,-1,0,-1
1657,1,-1,1,-1
1658,0,-1,0,-1
1659,0,-1,0,-1
1660,1,-1,1,-1
1661,0,0,1,1
1662,0,0,1,1
1663,0,1,1,1
1664,0,1,1,1
1665,0,1,1,1
1666,0,1,1,0
1667,0,1,1,1
1668,0,1,1,1
1669,0,0,1,1
1670,0,0,1,1
1671,0,0,1,1
1672,0,1,1,1
1673,0,1,1,1
1674,0,0,1,1
1675,0,1,1,1
1676,0,1,1,1
1677,0,1,1,1
1678,0,0,1,1
1679,0,0,1,1
1680,0,0,1,1
1681,0,1,1,1
1682,0,1,1,1
1683,0,1,1,1
1684,1,1,1,1
1685,0,1,1,1
1686,0,0,1,1
1687,1,1,1,1
1688,0,0,1,1
1689,0,0,1,1
1690,0,0,1,1
1691,0,0,1,1
1692,0,1,1,0
1693,0,1,1,1
1694,0,1,1,1
1695,0,1,1,1
1696,0,1,1,1
1697,0,0,1,1
1698,0,1,1,1
1699,0,0,1,1
1700,0,1,1,1
1701,0,0,1,1
1702,0,0,1,1
1703,0,1,1,1
1704,0,1,1,1
1705,0,1,1,1
1706,0,1,1,1
1707,0,1,1,1
1708,0,0,1,1
1709,0,0,1,1
1710,0,1,1,1
1711,0,1,1,1
1712,0,1,1,1
1713,0,1,1,1
1714,0,0,1,1
1715,0,0,1,1
1716,0,1,1,1
1717,0,0,1,1
1718,0,0,1,1
1719,0,0,1,1
1720,0,0,1,1
1721,0,1,1,1
1722,0,0,1,1
1723,0,1,1,1
1724,0,1,1,1
1725,0,0,1,1
1726,0,0,1,1
1727,0,0,0,0
1728,0,0,0,0
1729,0,0,0,0
1730,0,0,0,0
1731,0,0,0,0
1732,0,0,0,0
1733,0,1,0,0
1734,0,0,0,0
1735,0,0,0,0
1736,0,0,0,0
1737,0,1,0,0
1738,0,0,0,0
1739,0,1,0,0
1740,0,0,0,0
1741,0,0,0,0
1742,0,0,0,0
1743,0,1,0,0
1744,0,0,1,1
1745,0,0,0,0
1746,0,0,0,0
1747,0,1,1,1
1748,0,0,0,0
1749,0,0,0,0
1750,0,0,0,0
1751,0,0,0,0
1752,0,1,0,0
1753,0,0,0,0
1754,0,0,0,0
1755,0,0,0,0
1756,0,0,0,0
1757,0,0,0,0
1758,0,0,0,0
1759,-1,0,-1,0
1760,0,0,0,0
1761,0,0,0,0
1762,-1,0,-1,0
1763,0,-1,0,-1
1764,0,0,0,0
1765,0,1,0,0
1766,-1,0,-1,0
1767,-1,0,-1,0
1768,0,-1,1,-1
1769,-1,0,-1,0
1770,-1,0,-1,0
1771,0,1,0,0
1772,-1,0,-1,0
1773,-1,0,-1,0
1774,0,0,0,0
1775,-1,0,-1,0
1776,0,0,0,0
1777,0,0,0,0
1778,-1,0,-1,0
1779,-1,0,-1,0
1780,-1,0,-1,0
1781,-1,1,-1,0
1782,0,0,0,0
1783,-1,0,-1,0
1784,0,0,0,0
1785,0,0,0,0
1786,-1,0,-1,0
1787,-1,0,-1,0
1788,0,0,0,0
1789,0,0,0,1
1790,-1,0,-1,0
1791,-1,0,-1,0
1792,-1,0,-1,0
1793,0,0,0,0
1794,1,1,0,0
1795,-1,0,-1,0
1796,-1,0,-1,1
1797,0,0,0,0
1798,-1,0,-1,0
1799,-1,0,-1,0
1800,0,0,0,0
1801,0,-1,0,-1
1802,0,0,0,0
1803,0,-1,1,-1
1804,-1,0,-1,0
1805,0,0,0,0
1806,0,0,0,0
1807,0,0,0,0
1808,-1,0,-1,0
1809,0,0,0,0
1810,-1,0,-1,0
1811,0,0,0,0
1812,-1,0,-1,0
1813,-1,1,-1,0
1814,-1,0,-1,0
1815,0,0,0,0
1816,0,0,0,0
1817,-1,0,-1,0
1818,0,-1,1,-1
1819,0,-1,1,-1
1820,0,-1,1,-1
1821,0,-1,0,-1
1822,0,0,0,0
1823,0,0,0,0
1824,-1,0,-1,0
1825,0,-1,0,-1
1826,-1,0,-1,0
1827,-1,0,-1,0
1828,0,-1,0,-1
1829,0,-1,0,-1
1830,-1,0,-1,0
1831,-1,0,-1,0
1832,-1,0,-1,0
1833,-1,1,-1,0
1834,-1,0,-1,0
1835,-1,0,-1,1
1836,0,0,0,0
1837,0,0,0,0
1838,0,0,0,0
1839,0,0,0,0
1840,0,0,0,0
1841,-1,0,-1,0
1842,0,0,0,0
1843,-1,0,-1,0
1844,0,0,0,0
1845,0,0,0,0
1846,-1,0,-1,0
1847,0,0,0,0
1848,0,0,0,0
1849,0,0,0,0
1850,-1,0,-1,0
1851,0,1,0,0
1852,0,0,0,0
1853,0,0,0,0
1854,0,0,0,0
1855,0,0,0,0
1856,0,0,0,0
1857,0,0,0,0
1858,0,0,0,0
1859,0,0,0,0
1860,0,0,0,0
1861,0,0,0,0
1862,0,0,0,0
1863,0,0,0,1
1864,0,0,0,0
1865,0,1,0,1
1866,0,1,0,0
1867,0,0,0,0
1868,0,1,0,1
1869,0,0,0,0
1870,0,0,0,0
1871,0,1,0,0
1872,0,0,0,0
1873,0,0,0,0
1874,0,0,0,0
1875,0,0,0,0
1876,0,0,0,0
1877,0,0,0,0
1878,0,0,0,0
1879,0,0,0,0
1880,0,0,0,0
1881,0,0,0,0
1882,0,0,0,0
1883,0,0,0,0
1884,0,0,0,0
1885,0,0,0,0
1886,0,0,0,0
1887,0,0,0,0
1888,0,0,0,0
1889,0,0,0,1
1890,0,0,0,0
1891,0,0,0,0
1892,0,0,0,0
1893,1,1,0,0
1894,0,0,0,1
1895,0,0,0,0
1896,0,0,0,0
1897,0,0,0,0
1898,0,0,0,0
1899,0,0,0,0
1900,0,0,0,0
1901,0,0,0,0
1902,0,0,0,0
1903,0,1,0,1
1904,0,0,0,0
1905,0,0,0,0
1906,0,0,0,0
1907,0,0,0,0
1908,0,0,0,0
1909,0,0,0,0
1910,0,0,0,0
1911,0,0,0,0
1912,0,0,0,0
1913,0,0,0,0
1914,0,1,0,0
1915,0,0,0,0
1916,0,0,0,0
1917,0,0,0,0
1918,0,1,0,1
1919,0,1,0,1
1920,0,1,0,1
1921,0,1,0,1
1922,0,1,0,0
1923,0,0,0,0
1924,0,0,0,0
1925,0,0,0,0
1926,0,0,0,0
1927,0,0,0,0
1928,0,-1,0,-1
1929,0,1,0,1
1930,0,0,0,0
1931,0,0,0,1
1932,0,1,0,0
1933,0,0,0,0
1934,0,0,0,0
1935,0,0,0,0
1936,0,0,0,0
1937,0,0,0,0
1938,0,0,0,0
1939,0,0,0,0
1940,0,0,0,0
1941,0,0,0,0
1942,0,0,0,0
1943,0,0,0,0
1944,0,0,0,0
1945,0,1,0,0
1946,0,0,0,0
1947,0,0,0,0
1948,0,0,0,0
1949,0,0,0,0
1950,0,0,0,1
1951,-1,1,-1,0
1952,0,0,0,0
1953,0,1,0,0
1954,-1,1,-1,0
1955,0,1,0,-1
1956,0,1,0,0
1957,0,1,0,0
1958,-1,1,-1,0
1959,-1,1,-1,0
1960,0,-1,1,-1
1961,-1,1,-1,0
1962,-1,1,-1,0
1963,0,1,0,1
1964,-1,1,-1,1
1965,-1,1,-1,0
1966,0,1,0,1
1967,-1,1,-1,0
1968,0,0,0,0
1969,0,1,0,0
1970,-1,0,-1,0
1971,-1,1,-1,0
1972,-1,1,-1,0
1973,-1,1,-1,1
1974,0,1,0,0
1975,-1,1,-1,0
1976,0,1,0,0
1977,0,1,0,1
1978,-1,1,-1,0
1979,-1,1,-1,0
1980,0,1,0,1
1981,0,0,0,1
1982,-1,1,-1,0
1983,-1,1,-1,0
1984,-1,1,-1,1
1985,0,1,0,0
1986,1,1,0,1
1987,-1,1,-1,0
1988,-1,1,-1,1
1989,0,1,0,0
1990,-1,1,-1,0
1991,-1,0,-1,1
1992,0,1,0,1
1993,0,-1,0,-1
1994,0,1,0,1
1995,0,-1,1,-1
1996,-1,1,-1,0
1997,0,1,0,0
1998,0,1,0,0
1999,0,1,0,1
2000,-1,1,-1,1
2001,0,1,0,1
2002,-1,1,-1,0
2003,0,0,0,1
2004,-1,1,-1,0
2005,-1,1,-1,1
2006,0,1,0,0
2007,0,1,0,0
2008,0,1,0,1
2009,-1,1,-1,0
2010,0,-1,1,-1
2011,0,-1,1,-1
2012,0,-1,1,-1
2013,0,-1,0,-1
2014,0,1,0,0
2015,0,1,0,0
2016,-1,1,-1,0
2017,0,-1,0,-1
2018,-1,1,-1,0
2019,-1,1,-1,0
2020,0,-1,1,-1
2021,0,-1,0,-1
2022,-1,1,-1,0
2023,-1,1,-1,1
2024,-1,1,-1,1
2025,-1,1,-1,1
2026,-1,1,-1,0
2027,-1,1,-1,1
2028,0,0,0,1
2029,0,1,0,1
2030,0,1,0,1
2031,0,1,0,0
2032,0,1,0,1
2033,-1,1,-1,0
2034,0,1,0,1
2035,-1,0,-1,1
2036,0,1,0,0
2037,0,0,0,1
2038,-1,1,-1,0
2039,0,0,0,1
2040,0,0,0,0
2041,0,1,0,0
2042,-1,1,-1,0
2043,0,0,0,1
2044,0,1,0,1
2045,0,1,0,1
2046,0,1,0,0
2047,0,1,0,0
2048,0,1,0,0
2049,0,1,0,0
2050,0,0,0,0
2051,-1,0,-1,0
2052,0,0,0,0
2053,0,0,0,0
2054,-1,0,-1,0
2055,0,-1,0,-1
2056,0,0,0,0
2057,0,1,0,0
2058,-1,0,-1,0
2059,-1,0,-1,0
2060,0,-1,1,-1
2061,-1,0,-1,0
2062,-1,0,-1,0
2063,0,1,0,0
2064,-1,0,-1,0
2065,-1,0,-1,0
2066,0,0,0,0
2067,-1,0,-1,0
2068,0,0,0,0
2069,0,0,0,0
2070,-1,0,-1,0
2071,-1,0,-1,0
2072,-1,0,-1,0
2073,-1,1,-1,0
2074,0,0,0,0
2075,-1,0,-1,0
2076,0,0,0,0
2077,0,0,0,0
2078,-1,0,-1,0
2079,-1,0,-1,0
2080,0,0,0,0
2081,0,0,0,1
2082,-1,0,-1,0
2083,-1,0,-1,0
2084,-1,0,-1,0
2085,0,0,0,0
2086,1,1,0,0
2087,-1,0,-1,0
2088,-1,0,-1,1
2089,0,0,0,0
2090,-1,0,-1,0
2091,-1,0,-1,0
2092,0,0,0,0
2093,0,-1,0,-1
2094,0,0,0,0
2095,0,-1,1,-1
2096,-1,0,-1,0
2097,0,0,0,0
2098,0,0,0,0
2099,0,0,0,0
2100,-1,0,-1,0
2101,0,0,0,0
2102,-1,0,-1,0
2103,0,0,0,0
2104,-1,0,-1,0
2105,-1,1,-1,0
2106,-1,0,-1,0
2107,0,0,0,0
2108,0,0,0,0
2109,-1,0,-1,0
2110,0,-1,1,-1
2111,0,-1,1,-1
2112,0,-1,1,-1
2113,0,-1,0,-1
2114,0,0,0,0
2115,0,0,0,0
2116,-1,0,-1,0
2117,0,-1,0,-1
2118,-1,0,-1,0
2119,-1,0,-1,0
2120,0,-1,0,-1
2121,0,-1,0,-1
2122,-1,0,-1,0
2123,-1,0,-1,0
2124,-1,0,-1,0
2125,-1,1,-1,0
2126,-1,0,-1,0
2127,-1,0,-1,1
2128,0,0,0,0
2129,0,0,0,0
2130,0,0,0,0
2131,0,0,0,0
2132,0,0,0,0
2133,-1,0,-1,0
2134,0,0,0,0
2135,-1,0,-1,0
2136,0,0,0,0
2137,0,0,0,0
2138,-1,0,-1,0
2139,0,0,0,0
2140,0,0,0,0
2141,0,0,0,0
2142,-1,0,-1,0
2143,0,1,0,0
2144,0,0,0,0
2145,0,0,0,0
2146,0,0,0,0
2147,0,0,0,0
2148,0,0,0,0
2149,0,0,0,0
2150,0,-1,-1,-1
2151,-1,-1,0,-1
2152,-1,-1,0,-1
2153,0,-1,-1,-1
2154,-1,-1,0,-1
2155,0,0,0,1
2156,-1,1,-1,0
2157,0,0,0,0
2158,0,1,0,0
2159,-1,1,-1,0
2160,0,1,0,-1
2161,0,1,0,0
2162,0,1,0,0
2163,-1,1,-1,0
2164,-1,1,-1,0
2165,0,-1,1,-1
2166,-1,1,-1,0
2167,-1,1,-1,0
2168,0,1,0,1
2169,-1,1,-1,1
2170,-1,1,-1,0
2171,0,1,0,1
2172,-1,1,-1,0
2173,0,0,0,0
2174,0,1,0,0
2175,-1,0,-1,0
2176,-1,1,-1,0
2177,-1,1,-1,0
2178,-1,1,-1,1
2179,0,1,0,0
2180,-1,1,-1,0
2181,0,1,0,0
2182,0,1,0,1
2183,-1,1,-1,0
2184,-1,1,-1,0
2185,0,1,0,1
2186,0,0,0,1
2187,-1,1,-1,0
2188,-1,1,-1,0
2189,-1,1,-1,1
2190,0,1,0,0
2191,1,1,0,1
2192,-1,1,-1,0
2193,-1,1,-1,1
2194,0,1,0,0
2195,-1,1,-1,0
2196,-1,0,-1,1
2197,0,1,0,1
2198,0,-1,0,-1
2199,0,1,0,1
2200,0,-1,1,-1
2201,-1,1,-1,0
2202,0,1,0,0
2203,0,1,0,0
2204,0,1,0,1
2205,-1,1,-1,1
2206,0,1,0,1
2207,-1,1,-1,0
2208,0,0,0,1
2209,-1,1,-1,0
2210,-1,1,-1,1
2211,0,1,0,0
2212,0,1,0,0
2213,0,1,0,1
2214,-1,1,-1,0
2215,0,-1,1,-1
2216,0,-1,1,-1
2217,0,-1,1,-1
2218,0,-1,0,-1
2219,0,1,0,0
2220,0,1,0,0
2221,-1,1,-1,0
2222,0,-1,0,-1
2223,-1,1,-1,0
2224,-1,1,-1,0
2225,0,-1,1,-1
2226,0,-1,0,-1
2227,-1,1,-1,0
2228,-1,1,-1,1
2229,-1,1,-1,1
2230,-1,1,-1,1
2231,-1,1,-1,0
2232,-1,1,-1,1
2233,0,0,0,1
2234,0,1,0,1
2235,0,1,0,1
2236,0,1,0,0
2237,0,1,0,1
2238,-1,1,-1,0
2239,0,1,0,1
2240,-1,0,-1,1
2241,0,1,0,0
2242,0,0,0,1
2243,-1,1,-1,0
2244,0,0,0,1
2245,0,0,0,0
2246,0,1,0,0
2247,-1,1,-1,0
2248,0,0,0,1
2249,0,1,0,1
2250,0,1,0,1
2251,0,1,0,0
2252,0,1,0,0
2253,0,1,0,0
2254,0,1,0,0
2255,0,0,1,1
2256,0,0,1,1
2257,0,1,1,1
2258,0,1,1,1
2259,0,1,1,1
2260,0,1,1,0
2261,0,1,1,1
2262,0,1,1,1
2263,0,0,1,1
2264,0,0,1,1
2265,0,0,1,1
2266,0,1,1,1
2267,0,1,1,1
2268,0,0,1,1
2269,0,1,1,1
2270,0,1,1,1
2271,0,1,1,1
2272,0,0,1,1
2273,0,0,1,1
2274,0,0,1,1
2275,0,1,1,1
2276,0,1,1,1
2277,0,1,1,1
2278,1,1,1,1
2279,0,1,1,1
2280,0,0,1,1
2281,1,1,1,1
2282,0,0,1,1
2283,0,0,1,1
2284,0,0,1,1
2285,0,0,1,1
2286,0,1,1,0
2287,0,1,1,1
2288,0,1,1,1
2289,0,1,1,1
2290,0,1,1,1
2291,0,0,1,1
2292,0,1,1,1
2293,0,0,1,1
2294,0,1,1,1
2295,0,0,1,1
2296,0,0,1,1
2297,0,1,1,1
2298,0,1,1,1
2299,0,1,1,1
2300,0,1,1,1
2301,0,1,1,1
2302,0,0,1,1
2303,0,0,1,1
2304,0,1,1,1
2305,0,1,1,1
2306,0,1,1,1
2307,0,1,1,1
2308,0,0,1,1
2309,0,0,1,1
2310,0,1,1,1
2311,0,0,1,1
2312,0,0,1,1
2313,0,0,1,1
2314,0,0,1,1
2315,0,1,1,1
2316,0,0,1,1
2317,0,1,1,1
2318,0,1,1,1
2319,0,0,1,1
2320,0,0,1,1
2321,0,0,0,0
2322,0,0,0,0
2323,0,0,0,0
2324,0,0,0,1
2325,0,1,0,1
2326,0,1,0,1
2327,0,1,0,0
2328,0,1,0,1
2329,0,1,0,0
2330,0,0,0,0
2331,0,0,0,0
2332,0,0,0,0
2333,0,0,0,0
2334,0,0,0,0
2335,0,0,0,0
2336,0,0,0,0
2337,0,0,0,0
2338,0,0,0,0
2339,0,0,0,1
2340,0,0,0,0
2341,0,0,0,0
2342,1,1,0,0
2343,0,0,0,0
2344,0,0,0,0
2345,0,0,0,0
2346,0,0,0,0
2347,0,0,0,0
2348,0,0,0,0
2349,0,0,0,0
2350,0,0,0,0
2351,0,0,0,0
2352,0,0,0,0
2353,0,0,0,0
2354,0,0,0,0
2355,0,1,0,1
2356,0,1,0,1
2357,0,1,0,1
2358,0,1,0,1
2359,0,0,0,0
2360,0,0,0,0
2361,0,0,0,0
2362,0,1,0,1
2363,0,0,0,0
2364,0,0,0,0
2365,0,0,0,0
2366,0,0,0,0
2367,0,0,0,0
2368,0,0,0,0
2369,0,0,0,0
2370,0,0,0,0
2371,0,1,0,0
2372,0,0,0,0
2373,0,0,0,0
2374,0,0,0,0
2375,0,0,0,0